FirstName,LastName,Age,StreetName,BuildingNumber,ApartmentNumber,PostalCode,City,PhoneNumber,Email
John,Doe,30,Main Street,123,,12345,Cityville,123-456-7890,john.doe@example.com
Jane,Smith,25,Broadway,456,Apt 101,54321,Townsville,987-654-3210,jane.smith@example.com
Alice,Johnson,40,Oak Avenue,789,,67890,Villageton,456-789-0123,alice.johnson@example.com
Bob,Williams,35,Elm Street,246,,13579,Cityville,789-012-3456,bob.williams@example.com
Emily,Brown,28,Pine Avenue,357,,24680,Cityville,012-345-6789,emily.brown@example.com
Michael,Anderson,45,Maple Road,468,Apt 202,97531,Cityville,321-654-9870,michael.anderson@example.com
Sarah,Martinez,32,Cedar Lane,579,,86420,Cityville,654-987-3210,sarah.martinez@example.com
David,Garcia,38,Walnut Drive,680,,75319,Cityville,987-321-6540,david.garcia@example.com
Jennifer,Rodriguez,27,Birch Street,791,,04657,Cityville,321-987-6540,jennifer.rodriguez@example.com
James,Wilson,33,Willow Avenue,802,,35791,Townsville,789-456-1230,james.wilson@example.com
Jessica,Taylor,29,Rosewood Drive,913,,89123,Cityville,456-123-7890,jessica.taylor@example.com
William,Lopez,37,Magnolia Street,1024,,23654,Cityville,123-789-4560,william.lopez@example.com
Amanda,Martinez,31,Laurel Lane,1135,,45632,Cityville,789-456-1230,amanda.martinez@example.com
Daniel,Hernandez,34,Jasmine Drive,1246,Apt 303,78901,Townsville,456-789-0123,daniel.hernandez@example.com
Ashley,Gonzalez,26,Ivy Lane,1357,,23456,Cityville,987-654-3210,ashley.gonzalez@example.com
Christopher,Perez,41,Sunflower Street,1468,,98765,Cityville,654-321-0987,christopher.perez@example.com
Brittany,Sanchez,30,Lily Road,1579,,65432,Villageton,321-098-7654,brittany.sanchez@example.com
Andrew,Ramirez,35,Orchid Avenue,1680,,34567,Cityville,098-765-4321,andrew.ramirez@example.com
Samantha,Torres,28,Tulip Lane,1791,,54321,Townsville,765-432-1098,samantha.torres@example.com
Joshua,Flores,39,Daisy Drive,1802,,45678,Cityville,432-109-8765,joshua.flores@example.com
Amanda,Murphy,32,Poppy Court,1913,,56789,Cityville,321-098-7654,amanda.murphy@example.com
Joseph,Rivera,27,Marigold Circle,2024,,67890,Cityville,210-987-6543,joseph.rivera@example.com
Megan,Cook,42,Violet Way,2135,,78901,Cityville,987-654-3210,megan.cook@example.com
Ryan,Morgan,29,Buttercup Lane,2246,,89012,Cityville,654-321-0987,ryan.morgan@example.com
Kayla,Cooper,36,Clover Lane,2357,,90123,Cityville,321-098-7654,kayla.cooper@example.com
Nicholas,Peterson,31,Aster Street,2468,,01234,Cityville,098-765-4321,nicholas.peterson@example.com
Stephanie,Reyes,34,Daffodil Drive,2579,,12345,Cityville,876-543-2109,stephanie.reyes@example.com
Justin,Turner,28,Iris Avenue,2680,,23456,Cityville,765-432-1098,justin.turner@example.com
Lauren,White,37,Lily of the Valley Way,2791,,34567,Townsville,654-321-0987,lauren.white@example.com
Brandon,Scott,30,Orchid Road,2802,,45678,Cityville,543-210-9876,brandon.scott@example.com
Amber,Hill,43,Tulip Street,2913,,56789,Cityville,432-109-8765,amber.hill@example.com
Taylor,King,26,Violet Lane,3024,,67890,Cityville,321-098-7654,taylor.king@example.com
Zachary,Green,33,Buttercup Avenue,3135,,78901,Cityville,109-876-5432,zachary.green@example.com
Heather,Adams,38,Clover Street,3246,,89012,Cityville,987-654-3210,heather.adams@example.com
Brittany,Baker,29,Sunflower Court,3357,,90123,Cityville,876-543-2109,brittany.baker@example.com
Kyle,Gonzalez,35,Aster Lane,3468,,01234,Cityville,765-432-1098,kyle.gonzalez@example.com
Christina,Nelson,30,Daisy Road,3579,,12345,Cityville,654-321-0987,christina.nelson@example.com
Tyler,Carter,27,Iris Street,3680,,23456,Cityville,543-210-9876,tyler.carter@example.com
Samantha,Mitchell,42,Marigold Drive,3791,,34567,Cityville,432-109-8765,samantha.mitchell@example.com
Jeffrey,Perez,31,Poppy Lane,3802,,45678,Cityville,321-098-7654,jeffrey.perez@example.com
Nicole,Roberts,36,Tulip Circle,3913,,56789,Cityville,210-987-6543,nicole.roberts@example.com
Steven,Turner,29,Violet Road,4024,,67890,Cityville,987-654-3210,steven.turner@example.com
Rachel,Phillips,34,Buttercup Court,4135,,78901,Cityville,765-432-1098,rachel.phillips@example.com
Michelle,Campbell,27,Clover Avenue,4246,,89012,Cityville,654-321-0987,michelle.campbell@example.com
Charles,Parker,43,Sunflower Lane,4357,,90123,Cityville,543-210-9876,charles.parker@example.com
Amanda,Evans,28,Aster Drive,4468,,01234,Cityville,432-109-8765,amanda.evans@example.com
Benjamin,Edwards,33,Daisy Lane,4579,,12345,Cityville,321-098-7654,benjamin.edwards@example.com
Emily,Collins,38,Iris Court,4680,,23456,Cityville,210-987-6543,emily.collins@example.com
Amanda,Stewart,30,Marigold Lane,4791,,34567,Cityville,987-654-3210,amanda.stewart@example.com
Nathan,Flores,35,Poppy Avenue,4802,,45678,Cityville,765-432-1098,nathan.flores@example.com
